,word,num
1,您好,232
9,相关,166
0,网友,146
3,收悉,108
25,支持,87
13,调查,85
22,等待,83
14,感谢您,82
23,回复,79
24,理解,76
10,部门,72
18,交给,70
2,情况,67
82,转,66
85,成都,62
151,月,61
150,年,61
20,请,60
126,单位,59
153,日,58
426,疫苗,56
16,留言,55
149,2022,54
446,青羊区,51
84,研究,50
87,事业,50
83,业务部门,48
86,轨道交通,48
21,耐心,43
55,号,43
7,朋友,43
154,敬请,41
11,来信,40
146,咨询,39
17,已转,38
6,市民,38
210,服务中心,38
435,责任,37
8,交办,37
423,预约,36
282,工作,34
5,核实,29
432,接种,29
19,机构,29
473,00,29
457,028,28
30,现将,27
316,11,27
455,社区卫生,26
312,谢谢您,26
222,我局,25
33,卫生,24
94,答复,24
277,电话,22
425,九价,22
99,项目,21
323,工作人员,21
288,公布,21
460,17,20
459,30,19
56,中,18
286,处理完毕,18
155,转市,18
49,通知,17
862,责令,17
28,高度重视,17
465,15,16
612,人员,16
29,办理,16
93,局,16
189,时,16
439,HPV,16
474,16,15
229,时间,15
863,开展调查,15
653,期间,15
599,分,14
864,一段时间,14
307,街道,14
34,健康,14
420,天,13
170,尊敬,12
421,彭,12
422,街道社区,12
143,疑问,12
301,规划,11
44,疫情,11
101,监管,11
168,关注,11
284,公安局,11
89,新区,11
332,铁路,11
463,18,11
172,住房,10
841,教体局,10
198,需,10
378,12,10
320,平台,10
679,现场,10
165,信息,10
152,10,9
313,现,9
786,政审,9
160,中心,9
428,到货,9
289,网民,9
542,14,9
429,先后顺序,9
603,医保,9
173,公积金,9
90,责成,9
131,管理,8
327,彭州市,8
417,沟通,8
329,四川,8
220,涪城区,8
405,施工,8
433,咨询电话,8
746,点,8
646,建设,8
267,我区,8
597,已于,8
230,四川省,8
436,三台县,8
240,教育,7
445,门诊,7
379,小时,7
557,文化,7
12,转交,7
279,知晓,7
241,体育局,7
416,一步,7
424,宫颈癌,7
324,调查核实,7
114,企业,7
438,发言人,7
562,计划,7
1131,经营,7
254,告知,7
447,预防接种,6
441,需求,6
321,投诉,6
801,考核,6
434,18384175363,6
430,短信,6
431,形式,6
322,建议,6
514,13,6
569,学校,6
389,鸣笛,6
269,建议您,6
753,服务,6
81,成都市,6
751,提供,6
367,材料,6
510,黄田坝,6
858,检测,6
527,详细,6
857,核酸,6
563,小学,6
567,做好,6
556,东部,6
939,诉求,6
43,肺炎,6
136,后续,6
588,安排,6
419,查询,6
45,防控,6
523,监督,6
667,市,6
53,2021,5
15,此复,5
318,网络,5
549,卫生院,5
995,未,5
47,方案,5
1050,综合,5
684,市场,5
1040,行政,5
437,网络新闻,5
278,解释,5
687,进口,5
443,登记,5
31,幼儿园,5
620,费用,5
32,国家,5
88,天府,5
608,共济,5
100,资金,5
183,绵阳市,5
1237,承办,5
1146,停止,5
171,商贷,5
339,修建,5
113,开发,5
1358,接受,5
966,武侯区,5
142,后期,5
134,资料,5
840,关心,4
239,县,4
285,转至,4
225,认定,4
427,854,4
287,后会,4
274,你好,4
219,建委,4
221,提出,4
306,所在地,4
293,大队,4
990,24,4
909,实施,4
141,阶段,4
790,招聘,4
482,汪家,4
464,附,4
1199,政务,4
586,学位,4
330,石化,4
493,大道,4
489,南路,4
331,专用,4
1015,已交,4
116,银行,4
669,采购,4
781,问政,4
551,致电,4
340,线路,4
390,发生,4
104,款,4
103,预售,4
775,拆迁,4
1324,雨露,4
479,29,4
92,城市,4
91,公园,4
77,措施,4
558,旅游,4
461,太升,4
537,设施,4
60,口罩,4
185,职工,4
314,暂无,4
1069,信任,4
505,文家,4
1076,用水,4
440,数量,4
317,高校,4
191,条件,4
188,住,4
720,发现,4
442,提前,4
444,排队,4
179,贷款,4
729,涉及,4
167,公交,4
166,处理结果,4
164,开区,4
163,转经,4
450,地址,4
366,新,4
370,管委会,4
770,12345,4
686,四价,3
348,编制,3
734,供应,3
661,抱歉,3
710,力度,3
645,功能,3
774,征地,3
298,院落,3
787,事项,3
649,记录,3
704,人群,3
326,来话,3
283,岳池县,3
650,关系,3
325,等候,3
693,生产,3
319,理政,3
308,办事处,3
821,主管部门,3
715,黄牛,3
187,购买,3
281,公安,3
576,出具,3
175,我市,3
1132,商家,3
602,表示满意,3
452,工作日,3
596,政策,3
1204,乡村,3
1205,振兴,3
866,南街,3
585,空余,3
121,前期,3
584,证明,3
582,就读,3
579,户籍,3
115,选择,3
110,文件,3
604,个人账户,3
1255,处于,3
107,发,3
566,入学,3
1289,苍溪县,3
559,孩子,3
484,21,3
70,落实,3
524,疾控中心,3
1352,执法检查,3
42,新冠,3
519,对此,3
1359,通知书,3
27,教育局,3
26,温江区,3
1128,接听电话,3
1207,集团,3
619,医疗,3
228,秋季,3
1097,围墙,3
615,定点,3
611,参保,3
607,医疗保险,3
940,收到,3
246,通告,3
969,我县,3
237,发布,3
890,中学,3
235,人民政府,3
231,教育厅,3
234,高县,3
988,阴性,3
1014,保障局,3
1075,手续,3
1061,执法,3
1052,协调,3
1035,放假,3
1034,本次,3
623,药品,3
643,家庭,3
1003,协商,3
223,内容,3
895,放学,3
520,不便,2
522,技术类,2
690,受新冠,2
521,谅解,2
644,账户,2
517,到苗,2
627,参加,2
634,政府,2
518,多家,2
526,富顺县,2
635,医疗保障,2
516,几月,2
525,86638481,2
697,有限,2
685,二价,2
538,用地,2
540,审查,2
548,红光,2
550,反馈,2
683,公众,2
682,微信,2
680,约苗,2
553,郫都区,2
618,负担,2
678,方式,2
673,量,2
578,子女,2
660,愉快,2
592,转学,2
696,产能,2
923,交警,2
700,影响,2
1239,完善,2
1179,收取,2
1187,门岗,2
1188,排查,2
1215,工程,2
1233,具体地址,2
1238,受理,2
1240,南充市,2
1288,身份证,2
1241,热线,2
1243,分局,2
1254,尚,2
1263,总体规划,2
1276,事宜,2
1278,宣传,2
1178,自治,2
1177,属,2
1171,我办,2
1168,巡查,2
1167,街道办,2
1165,监管局,2
1164,执法局,2
1150,住户,2
1148,营业,2
1139,晚上,2
1138,自律,2
1137,行业,2
1135,负责人,2
1129,天籁村,2
1127,56,2
1126,旅游局,2
1125,体育,2
1281,安置,2
1292,扫码,2
706,持续,2
1354,属实,2
1343,经区,2
1348,执法人员,2
1349,前往,2
1350,协和,2
1351,君悦濠庭,2
1353,电梯,2
1355,当事人,2
1293,邮寄,2
1356,下发,2
1357,暂停,2
1360,其到,2
1361,跟进,2
1378,郫,2
1379,区安靖,2
1341,法官,2
1335,转接,2
1334,团组织,2
1333,20,2
1331,华阳,2
1330,南江县,2
1329,到位,2
1328,发放,2
1327,前,2
1326,本月底,2
1325,补助,2
1320,冠状病毒,2
1317,梓,2
1315,病例,2
1314,确诊,2
1310,搬迁,2
1306,羊安,2
1117,返岗,2
1113,陆续,2
1110,复工,2
853,风险,2
796,宜宾市,2
803,宜人,2
804,2010,2
824,考核组,2
843,武胜县,2
850,谢谢,2
859,报告,2
1104,职能,2
865,蒲江县,2
869,老城区,2
871,道路,2
872,布局,2
874,配套,2
887,发展,2
784,管辖,2
783,翠屏区,2
779,放号,2
776,47,2
766,途径,2
765,司法,2
762,资阳市,2
756,公安部门,2
755,所在区,2
740,环节,2
736,力争,2
735,加大,2
731,省,2
728,整改,2
726,线索,2
717,参与,2
707,强化,2
892,北街,2
896,高峰期,2
897,拥堵,2
982,社区,2
1101,外排,2
1082,蓄水池,2
1070,石塘,2
1062,仲裁,2
1046,区,2
1036,调整,2
1030,前锋,2
1017,客运站,2
1016,城东,2
1012,85051013,2
1011,科室,2
1010,一科,2
991,次,2
987,48,2
980,返岳,2
905,开通,2
977,地区,2
975,降低,2
965,取得联系,2
954,进度,2
953,簇桥,2
946,通车,2
941,经查,2
938,民,2
933,机场,2
919,机动车,2
912,解决,2
911,商讨,2
907,校车,2
906,直达,2
515,8745502413,2
692,国内,2
513,四路,2
59,佩戴,2
354,建成,2
157,海区,2
67,戴,2
252,合格,2
250,公告,2
63,并未,2
448,表,2
449,名称,2
453,新华,2
454,少城,2
456,万和路,2
512,黄田坝纬,2
458,8625612014,2
46,技术,2
349,站,2
248,体检,2
462,北路,2
466,191502713238,2
467,草市,2
468,御河,2
57,园外,2
469,中路,2
211,涪城,2
212,管理部,2
470,二段,2
471,25,2
75,聚集,2
78,做,2
359,运营,2
201,支付,2
383,夜间,2
384,列车,2
375,日均,2
111,本市,2
280,感谢,2
387,执行,2
190,符合,2
372,作业,2
369,功能区,2
194,申请,2
368,产业,2
102,商品房,2
118,协议,2
364,办公室,2
300,初期,2
363,公司,2
200,用于,2
262,专业,2
138,现已,2
398,标,2
123,约,2
400,弯道,2
259,0831,2
402,段,2
403,共有,2
472,8651172214,2
451,时间段,2
215,联系电话,2
224,教师资格,2
491,光华,2
492,青羊,2
315,该项,2
494,873219698,2
495,东坡,2
328,交通运输,2
496,玉宇,2
497,路,2
238,高,2
135,确保,2
236,门户网站,2
498,998,2
488,锦屏,2
499,873336359,2
500,苏坡,2
501,培风,2
502,横街,2
503,133,2
504,8669627513,2
506,场文兴,2
507,108,2
508,87071159,2
509,8288,2
511,成飞,2
490,8732878213,2
273,办,2
36,办公厅,2
475,草堂,2
345,",",2
483,拐街,2
485,8614868214,2
486,府南,2
480,86137959,2
478,滨河路,2
477,花,2
476,浣,2
38,印发,2
481,861379689,2
130,职责,2
216,0816,2
487,金沙,2
140,装修,1
1111,施工人员,1
139,内外,1
192,不动产,1
1112,机械,1
1151,调解,1
182,细则,1
1169,其均,1
1157,隔音,1
1114,到场,1
1096,位置,1
1166,幸福,1
1095,沟,1
1094,排洪,1
184,缴存,1
1108,长岛,1
1109,城,1
1155,窗户,1
1107,蓝光,1
1153,改进,1
1106,缓慢,1
1105,非常重视,1
144,可到,1
1156,墙层,1
186,行政区域,1
1103,建局,1
1102,区住,1
1152,关门,1
1100,地势,1
1099,外比,1
1098,发挥作用,1
156,仙,1
147,置业,1
1115,元宵节,1
1160,噪音,1
1133,片区,1
1134,协会会长,1
161,和文,1
1161,扰民,1
1136,协会,1
159,劳保,1
158,转仙,1
1158,严格遵守,1
1140,音量,1
1116,工人,1
1141,禁止,1
148,顾问,1
1142,低音炮,1
1143,分贝,1
1144,设备,1
1145,约束,1
1147,唱歌,1
1159,尽力,1
162,旅,1
169,卫健委,1
1130,KTV,1
1162,可回,1
1093,一社,1
1149,凌晨,1
181,操作,1
1118,进场,1
1119,179,1
145,售楼部,1
1120,二期,1
1121,外立面,1
1122,督促,1
1123,加快,1
1124,施工进度,1
1154,大门,1
178,直,1
177,商业贷款,1
1163,拨电话,1
176,个人住房,1
174,难,1
180,业务,1
1059,劳动,1
1092,古井,1
1091,图二为,1
1018,站长,1
1019,文明,1
1020,丶,1
1021,车台,1
1022,乘客,1
1023,车票,1
1024,广播,1
1025,栏,1
1026,此项,1
1027,管理所,1
1028,0813,1
1029,7109262,1
208,可贷,1
1031,区代市,1
1032,学生,1
1033,校外,1
207,等于,1
206,小余,1
205,余额,1
1037,导致,1
1038,时间延迟,1
209,额度,1
213,联系人,1
1013,05,1
999,人力,1
989,入岳后,1
226,分为,1
992,需在入,1
993,岳后,1
994,间隔,1
218,市住,1
996,外出,1
997,岳池,1
998,宏途,1
1000,公司员工,1
214,孙寅楠,1
1001,私下,1
1002,约定,1
217,2260306,1
1004,达成,1
1005,一致意见,1
1006,异议,1
1007,维权,1
1008,工资,1
1009,梓潼县,1
1039,经代市,1
204,组合,1
1041,会议,1
1080,中图,1
196,公直,1
1071,环保,1
1072,锦顺兴,1
1073,有限公司,1
1074,环评,1
195,商转,1
1077,循环,1
1078,排放,1
1079,件,1
1081,一为,1
1068,稍后,1
193,抵押权,1
1083,来源,1
1084,自来水,1
1085,雨水,1
1086,设置,1
1087,两个,1
1088,排水口,1
1089,外,1
1090,排口,1
197,贷,1
1067,帮,1
1042,暂定,1
1053,请拨,1
1043,于本周,1
1044,周末,1
1045,广安市,1
203,首付款,1
1047,科技,1
1048,友好,1
1049,争议,1
202,所购,1
1051,便民服务,1
1054,打电话,1
1066,巷,1
1055,87456560,1
1056,办公,1
1057,经四路,1
1058,138,1
1060,保障,1
199,提取,1
1063,86258909,1
1064,86770535,1
1065,平安,1
1170,都江堰市,1
1208,下属,1
1172,办龙,1
1302,联系方式,1
1304,5203014,1
1305,邛崃市,1
80,责任人,1
1307,乌木,1
1308,村,1
1309,组,1
79,第一,1
1311,时序,1
1312,落地,1
1313,外省,1
76,防护,1
1316,密切接触,1
1318,该来,1
1319,未感染,1
74,少,1
1321,无新,1
1322,无症状,1
1323,感染者,1
73,米线,1
72,勤洗手,1
71,通风,1
1303,0839,1
1301,服务平台,1
106,成房,1
1300,32,1
105,办法,1
1279,动员,1
1280,补偿,1
1282,对象,1
1283,转县,1
1284,人力资源,1
1285,社会,1
1286,中国政府,1
1287,网,1
98,悦华庭,1
97,铂,1
1290,窗口,1
1291,自行,1
96,合能,1
95,购房人,1
1294,制证,1
1295,完毕,1
1296,发证,1
1297,状态,1
1298,邮局,1
1299,18123437770,1
69,家人,1
68,人人有责,1
66,全程,1
65,园内,1
1362,日经,1
1363,近期,1
1364,日常,1
1365,C9,1
1366,房,1
1367,无证,1
1368,违法行为,1
1369,下达,1
1370,协助,1
1371,施工单位,1
1372,及时处理,1
1373,类似,1
1374,可拨打,1
1375,值勤,1
1376,27217138,1
1377,简阳市,1
35,委,1
4,庚即,1
1380,上午,1
1381,下午,1
1382,69850734,1
37,教育部,1
39,高等学校,1
40,中小学校,1
1342,案件,1
1332,团工委,1
64,幼儿,1
62,师生,1
1336,解答,1
1337,知悉,1
1338,无疑,1
1339,问,1
1340,该案,1
61,倡导,1
1344,西华,1
41,托幼,1
1345,师范大学,1
1346,属省,1
1347,直管,1
58,公共场所,1
54,455,1
52,函,1
51,疾控,1
50,国卫办,1
48,第四版,1
1277,法定程序,1
1275,拆类,1
1173,爪,1
129,履行,1
1201,09,1
1202,分已,1
1203,作,1
128,切实,1
127,监理,1
1206,城投,1
125,总包,1
232,局会,1
1209,为城,1
1210,投,1
1211,负责,1
1212,承建,1
1213,成洛简,1
1214,快速路,1
124,谈,1
1216,四环,1
1217,五环,1
1218,螺丝,1
1219,路口,1
1220,西河,1
1221,地铁站,1
1200,热线电话,1
1198,拨打,1
1274,征,1
1197,农村,1
1174,双安,1
1175,北巷,1
1176,小区,1
137,工程建设,1
133,划款,1
1180,物业费,1
1181,治安,1
1182,防范,1
1183,点到,1
1184,次日,1
1185,早上,1
1186,增加,1
132,审核,1
1189,值守,1
1190,一元,1
1191,开门,1
1192,费,1
1193,户口,1
1194,乡镇,1
1195,自然资源,1
1196,农业,1
1222,进城,1
1223,方向,1
1224,增设,1
1225,主道,1
1252,牵头,1
1253,组织,1
109,135,1
1256,可研,1
1257,街办,1
1258,暂未,1
1259,接到,1
1260,目的,1
1261,国土,1
1262,空间,1
108,2015,1
1264,及村,1
1265,投资,1
1266,主体,1
1267,战略,1
1268,企业家,1
1269,小镇,1
1270,设计阶段,1
1271,村暂,1
1272,选址,1
1273,启动,1
1251,水利厅,1
1250,由省,1
1249,水利工程,1
1236,村民,1
1226,进辅,1
1227,道,1
1228,出口,1
1229,大运会,1
1230,择机,1
1231,23,1
1232,接通,1
1234,私建,1
1235,住宅,1
122,局已,1
1248,岷,1
120,订立,1
119,模式,1
117,自愿,1
1242,公安分局,1
112,采用,1
1244,调查结果,1
1245,青白江区,1
1246,太平,1
1247,引大济,1
227,春季,1
949,简阳,1
986,高风险,1
380,发车,1
377,达,1
376,连续,1
694,周期长,1
695,厂家,1
374,担当,1
698,诸多,1
699,因素,1
373,运转,1
701,全国,1
702,供货,1
703,严重不足,1
705,我委将,1
371,监督管理,1
708,全市,1
709,检查,1
711,HVP,1
712,依法,1
713,执业,1
714,严禁,1
365,纳入,1
716,勾结,1
691,批检,1
689,两种,1
719,往来,1
688,国产,1
664,非,1
665,免疫,1
666,各区,1
394,起动,1
668,药械,1
393,规程,1
670,统一,1
671,辖区,1
672,总,1
392,一是,1
674,提交,1
675,分配,1
676,定期,1
677,实名,1
391,几个,1
388,机车,1
681,网上,1
386,调度,1
385,发送,1
382,白天,1
381,趟,1
718,利益,1
721,严肃查处,1
344,km,1
748,规范,1
750,广大群众,1
353,2013,1
752,满意,1
352,接轨,1
754,证据,1
351,车站,1
350,彭州,1
757,县卫健,1
758,发生地,1
759,南部县,1
760,欠款人,1
761,户籍地,1
763,雁江区,1
764,律师,1
347,一座,1
346,新建,1
767,维护,1
768,权益,1
769,宝贵意见,1
771,永安镇,1
772,双坝村,1
749,有序,1
747,正规渠道,1
722,追究责任,1
745,指定,1
723,舆情,1
724,监测,1
725,摸排,1
362,有限责任,1
727,查处,1
361,地方,1
360,现由,1
730,移交,1
732,对接,1
733,积极争取,1
358,投入,1
357,年初,1
356,2014,1
737,程度,1
738,缓解,1
739,供需矛盾,1
355,并于,1
741,解决办法,1
742,适时,1
743,发声,1
744,引导,1
663,体验,1
662,带来,1
395,进站,1
568,义务教育,1
571,返乡,1
572,生,1
573,法定,1
574,监护人,1
575,提出申请,1
577,申请人,1
580,户口簿,1
581,原,1
583,学籍,1
587,原则上,1
589,就近,1
590,距离,1
591,该生,1
593,两年,1
594,当年,1
595,查阅,1
598,38,1
600,46,1
601,两次,1
605,建立健全,1
606,职工基本,1
570,招生,1
565,转回,1
396,二是,1
564,三年级,1
528,万安,1
529,龙湖,1
530,九里,1
531,熙,1
532,东侧,1
533,三个,1
534,地块,1
535,性质,1
536,商业,1
539,申报,1
541,45,1
543,无人,1
544,接听,1
545,排,1
546,1722,1
547,位,1
552,87985891,1
554,计免,1
555,科,1
560,就读于,1
561,高新区,1
418,按规定,1
415,警示,1
609,保障机制,1
610,实施办法,1
404,三是,1
636,社会保险,1
637,缴费,1
638,我省,1
639,含,1
640,退休,1
641,灵活,1
642,就业,1
401,该区,1
647,暂,1
648,具备,1
399,行人,1
651,上线,1
652,过渡,1
397,接近,1
654,医药,1
655,手工,1
656,经办,1
657,祝,1
658,顺利,1
659,生活,1
406,天气,1
633,护理,1
632,长期,1
409,回示,1
414,时须,1
413,行走,1
613,配偶,1
614,父母,1
412,两侧,1
616,医疗机构,1
617,就医,1
411,行人穿越,1
410,四是,1
621,零售,1
631,疾病,1
622,药店,1
408,确认,1
624,医疗器械,1
625,医用,1
626,耗材,1
407,不良,1
628,城乡居民,1
629,补充,1
630,重特大,1
773,自建房,1
343,12.5,1
985,如未,1
904,各乡镇,1
261,医养,1
908,难以,1
260,5851133,1
910,会同县,1
258,电询,1
913,错时,1
914,交通安全,1
915,温馨,1
916,提示,1
917,家长,1
918,接送,1
257,详情请,1
920,单向行驶,1
921,时段,1
922,地段,1
256,地点,1
924,疏导,1
925,引流,1
926,效果,1
927,会同,1
928,交运,1
263,人才培养,1
903,城区,1
930,交警部门,1
902,分布,1
881,改造,1
882,面貌,1
883,城镇化,1
884,进程,1
885,日益加剧,1
886,跟不上,1
271,旌阳区,1
888,临近,1
889,实验,1
270,上级部门,1
891,城西,1
268,管辖权,1
893,文庙,1
894,校区,1
266,划分,1
265,职权,1
264,竣工,1
898,在校学生,1
899,2000,1
900,余人,1
901,住址,1
929,鹤山,1
931,可行性,1
342,长度,1
960,显示,1
962,名,1
963,尚未,1
964,35,1
245,季,1
244,秋,1
967,现对,1
968,形势严峻,1
243,春,1
970,外防,1
971,输入,1
972,内防,1
973,反弹,1
974,控制,1
242,某年,1
976,传播,1
978,旅居,1
979,史,1
981,重点,1
233,省厅,1
983,分类管理,1
984,东莞市,1
961,950,1
959,系统,1
932,事权,1
958,截止,1
255,领证,1
934,民航,1
935,疑问请,1
936,0830,1
937,3123369,1
253,人员名单,1
251,结束,1
942,仁简,1
943,快速通道,1
944,预计,1
945,2024,1
249,详见,1
947,该条,1
948,仁寿,1
950,运行,1
951,金家,1
952,林,1
247,每次,1
955,电子信函,1
956,需求量,1
957,较大,1
880,筹措,1
879,资源,1
878,统筹,1
802,暂行办法,1
310,贴条,1
805,考核内容,1
806,包括,1
807,思想,1
808,政治,1
809,表现,1
810,道德品质,1
811,健康状况,1
812,拟聘,1
813,报考,1
814,资格,1
815,年龄,1
816,资格证,1
817,岗位,1
818,有无,1
819,违法犯罪,1
820,程序,1
309,调节,1
822,组建,1
823,小组,1
305,占道,1
311,交管部门,1
800,聘用,1
877,县政府,1
799,公开,1
777,濛,1
778,阳镇,1
341,正线,1
780,400,1
338,铁路运输,1
782,考上,1
337,产品,1
336,物资,1
785,幼师,1
335,原材料,1
334,基地,1
788,流程,1
789,公办,1
333,保证,1
791,在编,1
792,幼儿教师,1
793,笔试,1
794,面试,1
795,方可,1
797,人事局,1
798,事业单位,1
825,考生,1
826,结论,1
827,报,1
828,审定,1
854,出行,1
855,离蓉,1
856,无需,1
297,老旧,1
296,东街,1
295,湾,1
860,目的地,1
861,遵守,1
294,猛追,1
292,救援,1
291,消防,1
290,经成华,1
867,位于,1
868,建设路,1
276,派出所,1
870,周边,1
275,普安,1
873,路政,1
272,网信,1
875,多年,1
876,县委,1
299,建造,1
852,低,1
851,全域,1
838,温度,1
829,报人社,1
830,最终,1
831,若有,1
832,8205965,1
833,意见建议,1
834,留存,1
835,参阅,1
836,努力,1
837,群众,1
839,高水平,1
849,2216210,1
304,车辆,1
303,停放,1
842,公交公司,1
302,消防通道,1
844,医院,1
845,0826,1
846,6225356,1
847,向市,1
848,通报,1
1383,69850726,1
